{
  "metadata": {
    "generated_at": "2025-04-03T18:00:13.316075",
    "fps": 30,
    "pixels_per_meter": 100,
    "frame_count": 149,
    "duration_seconds": 4.966666666666667
  },
  "statistics": {
    "max_speed_mps": 3.365608622871264,
    "max_speed_mph": 7.528664552845644,
    "max_speed_frame": 46,
    "avg_speed_mps": 1.7215741215300293,
    "avg_speed_mph": 3.8510580154153833
  },
  "frames": [
    {
      "frame": 1,
      "time": 0.03333333333333333,
      "position": {
        "center_x": 90.5,
        "center_y": 244.5,
        "width": 61.0,
        "height": 61.0
      },
      "speed": {
        "speed_mps": 0.2281973471015045,
        "speed_mph": 0.5104637736252381
      }
    },
    {
      "frame": 2,
      "time": 0.06666666666666667,
      "position": {
        "center_x": 95.5,
        "center_y": 249.5,
        "width": 61.0,
        "height": 61.0
      },
      "speed": {
        "speed_mps": 1.470046097212109,
        "speed_mph": 3.288404916697653
      }
    },
    {
      "frame": 3,
      "time": 0.1,
      "position": {
        "center_x": 100.5,
        "center_y": 251.5,
        "width": 61.0,
        "height": 61.0
      },
      "speed": {
        "speed_mps": 2.0479477013884893,
        "speed_mph": 4.581136131143968
      }
    },
    {
      "frame": 4,
      "time": 0.13333333333333333,
      "position": {
        "center_x": 104.0,
        "center_y": 258.0,
        "width": 60.0,
        "height": 60.0
      },
      "speed": {
        "speed_mps": 1.6438369771293213,
        "speed_mph": 3.677164687619664
      }
    },
    {
      "frame": 5,
      "time": 0.16666666666666666,
      "position": {
        "center_x": 108.0,
        "center_y": 260.0,
        "width": 60.0,
        "height": 60.0
      },
      "speed": {
        "speed_mps": 1.4439610722782188,
        "speed_mph": 3.230054281022039
      }
    },
    {
      "frame": 6,
      "time": 0.2,
      "position": {
        "center_x": 110.0,
        "center_y": 262.5,
        "width": 60.0,
        "height": 61.0
      },
      "speed": {
        "speed_mps": 1.3335353495435531,
        "speed_mph": 2.983038564807956
      }
    },
    {
      "frame": 7,
      "time": 0.23333333333333334,
      "position": {
        "center_x": 116.0,
        "center_y": 266.5,
        "width": 60.0,
        "height": 61.0
      },
      "speed": {
        "speed_mps": 1.5502177433373665,
        "speed_mph": 3.4677440787810885
      }
    },
    {
      "frame": 8,
      "time": 0.26666666666666666,
      "position": {
        "center_x": 119.5,
        "center_y": 268.0,
        "width": 61.0,
        "height": 60.0
      },
      "speed": {
        "speed_mps": 1.6456352359596074,
        "speed_mph": 3.6811872847274847
      }
    },
    {
      "frame": 9,
      "time": 0.3,
      "position": {
        "center_x": 125.5,
        "center_y": 272.0,
        "width": 61.0,
        "height": 60.0
      },
      "speed": {
        "speed_mps": 1.8261445377784948,
        "speed_mph": 4.084975762338226
      }
    },
    {
      "frame": 10,
      "time": 0.3333333333333333,
      "position": {
        "center_x": 130.0,
        "center_y": 274.0,
        "width": 60.0,
        "height": 60.0
      },
      "speed": {
        "speed_mps": 1.7185320321108126,
        "speed_mph": 3.844253043909961
      }
    },
    {
      "frame": 11,
      "time": 0.36666666666666664,
      "position": {
        "center_x": 134.0,
        "center_y": 280.0,
        "width": 60.0,
        "height": 60.0
      },
      "speed": {
        "speed_mps": 1.634712377844247,
        "speed_mph": 3.65675350649491
      }
    },
    {
      "frame": 12,
      "time": 0.4,
      "position": {
        "center_x": 137.5,
        "center_y": 280.5,
        "width": 61.0,
        "height": 61.0
      },
      "speed": {
        "speed_mps": 1.4578929176133557,
        "speed_mph": 3.26121898312602
      }
    },
    {
      "frame": 13,
      "time": 0.43333333333333335,
      "position": {
        "center_x": 144.0,
        "center_y": 282.0,
        "width": 60.0,
        "height": 60.0
      },
      "speed": {
        "speed_mps": 1.7416979405870174,
        "speed_mph": 3.896073791216723
      }
    },
    {
      "frame": 14,
      "time": 0.4666666666666667,
      "position": {
        "center_x": 149.5,
        "center_y": 284.0,
        "width": 61.0,
        "height": 60.0
      },
      "speed": {
        "speed_mps": 1.8481276444721264,
        "speed_mph": 4.134150653025478
      }
    },
    {
      "frame": 15,
      "time": 0.5,
      "position": {
        "center_x": 156.0,
        "center_y": 286.0,
        "width": 60.0,
        "height": 60.0
      },
      "speed": {
        "speed_mps": 1.855720267069184,
        "speed_mph": 4.151134894217741
      }
    },
    {
      "frame": 16,
      "time": 0.5333333333333333,
      "position": {
        "center_x": 159.5,
        "center_y": 288.5,
        "width": 61.0,
        "height": 61.0
      },
      "speed": {
        "speed_mps": 1.6105307238161342,
        "speed_mph": 3.602660597333264
      }
    },
    {
      "frame": 17,
      "time": 0.5666666666666667,
      "position": {
        "center_x": 165.5,
        "center_y": 290.5,
        "width": 61.0,
        "height": 61.0
      },
      "speed": {
        "speed_mps": 1.450262886111518,
        "speed_mph": 3.244151060458299
      }
    },
    {
      "frame": 18,
      "time": 0.6,
      "position": {
        "center_x": 168.0,
        "center_y": 292.0,
        "width": 60.0,
        "height": 60.0
      },
      "speed": {
        "speed_mps": 1.1755708547656427,
        "speed_mph": 2.6296814678594567
      }
    },
    {
      "frame": 19,
      "time": 0.6333333333333333,
      "position": {
        "center_x": 172.0,
        "center_y": 292.5,
        "width": 60.0,
        "height": 61.0
      },
      "speed": {
        "speed_mps": 1.2273260787573606,
        "speed_mph": 2.7454547986154902
      }
    },
    {
      "frame": 20,
      "time": 0.6666666666666666,
      "position": {
        "center_x": 175.5,
        "center_y": 297.5,
        "width": 61.0,
        "height": 61.0
      },
      "speed": {
        "speed_mps": 1.53096094211433,
        "speed_mph": 3.424667769853229
      }
    },
    {
      "frame": 21,
      "time": 0.7,
      "position": {
        "center_x": 179.5,
        "center_y": 301.5,
        "width": 61.0,
        "height": 61.0
      },
      "speed": {
        "speed_mps": 1.765826359480117,
        "speed_mph": 3.950047616575453
      }
    },
    {
      "frame": 22,
      "time": 0.7333333333333333,
      "position": {
        "center_x": 185.5,
        "center_y": 303.5,
        "width": 61.0,
        "height": 61.0
      },
      "speed": {
        "speed_mps": 1.6424921524347096,
        "speed_mph": 3.6741563954672993
      }
    },
    {
      "frame": 23,
      "time": 0.7666666666666667,
      "position": {
        "center_x": 188.5,
        "center_y": 306.0,
        "width": 61.0,
        "height": 60.0
      },
      "speed": {
        "speed_mps": 1.3729415491014156,
        "speed_mph": 3.0711878688469207
      }
    },
    {
      "frame": 24,
      "time": 0.8,
      "position": {
        "center_x": 192.5,
        "center_y": 308.5,
        "width": 61.0,
        "height": 61.0
      },
      "speed": {
        "speed_mps": 1.4389720687132226,
        "speed_mph": 3.218894179387356
      }
    },
    {
      "frame": 25,
      "time": 0.8333333333333334,
      "position": {
        "center_x": 196.5,
        "center_y": 312.5,
        "width": 61.0,
        "height": 61.0
      },
      "speed": {
        "speed_mps": 1.706886849913156,
        "speed_mph": 3.818203470044735
      }
    },
    {
      "frame": 26,
      "time": 0.8666666666666667,
      "position": {
        "center_x": 202.5,
        "center_y": 316.5,
        "width": 61.0,
        "height": 61.0
      },
      "speed": {
        "speed_mps": 1.9715129180165751,
        "speed_mph": 4.410156106827998
      }
    },
    {
      "frame": 27,
      "time": 0.9,
      "position": {
        "center_x": 206.5,
        "center_y": 320.5,
        "width": 61.0,
        "height": 61.0
      },
      "speed": {
        "speed_mps": 1.7811839829207372,
        "speed_mph": 3.984401698754714
      }
    },
    {
      "frame": 28,
      "time": 0.9333333333333333,
      "position": {
        "center_x": 211.5,
        "center_y": 323.5,
        "width": 61.0,
        "height": 61.0
      },
      "speed": {
        "speed_mps": 1.6457599107366834,
        "speed_mph": 3.6814661747233166
      }
    },
    {
      "frame": 29,
      "time": 0.9666666666666667,
      "position": {
        "center_x": 213.5,
        "center_y": 327.5,
        "width": 61.0,
        "height": 61.0
      },
      "speed": {
        "speed_mps": 1.68989078619747,
        "speed_mph": 3.780184295276569
      }
    },
    {
      "frame": 30,
      "time": 1.0,
      "position": {
        "center_x": 218.5,
        "center_y": 334.0,
        "width": 61.0,
        "height": 60.0
      },
      "speed": {
        "speed_mps": 1.8658915972516108,
        "speed_mph": 4.173887549556019
      }
    },
    {
      "frame": 31,
      "time": 1.0333333333333334,
      "position": {
        "center_x": 222.5,
        "center_y": 336.5,
        "width": 61.0,
        "height": 61.0
      },
      "speed": {
        "speed_mps": 1.6359487375127144,
        "speed_mph": 3.6595191688916913
      }
    },
    {
      "frame": 32,
      "time": 1.0666666666666667,
      "position": {
        "center_x": 226.5,
        "center_y": 338.5,
        "width": 61.0,
        "height": 61.0
      },
      "speed": {
        "speed_mps": 1.5559081792461948,
        "speed_mph": 3.480473242482983
      }
    },
    {
      "frame": 33,
      "time": 1.1,
      "position": {
        "center_x": 232.5,
        "center_y": 338.5,
        "width": 61.0,
        "height": 61.0
      },
      "speed": {
        "speed_mps": 1.63559628171173,
        "speed_mph": 3.6587307464122376
      }
    },
    {
      "frame": 34,
      "time": 1.1333333333333333,
      "position": {
        "center_x": 238.5,
        "center_y": 342.5,
        "width": 61.0,
        "height": 61.0
      },
      "speed": {
        "speed_mps": 1.833612747526264,
        "speed_mph": 4.1016816994514
      }
    },
    {
      "frame": 35,
      "time": 1.1666666666666667,
      "position": {
        "center_x": 241.5,
        "center_y": 345.5,
        "width": 61.0,
        "height": 61.0
      },
      "speed": {
        "speed_mps": 1.5521804706350903,
        "speed_mph": 3.47213458198246
      }
    },
    {
      "frame": 36,
      "time": 1.2,
      "position": {
        "center_x": 247.5,
        "center_y": 346.5,
        "width": 61.0,
        "height": 61.0
      },
      "speed": {
        "speed_mps": 1.4404464018260137,
        "speed_mph": 3.222192174100683
      }
    },
    {
      "frame": 37,
      "time": 1.2333333333333334,
      "position": {
        "center_x": 250.5,
        "center_y": 346.5,
        "width": 61.0,
        "height": 61.0
      },
      "speed": {
        "speed_mps": 1.43110131719511,
        "speed_mph": 3.201287780486429
      }
    },
    {
      "frame": 38,
      "time": 1.2666666666666666,
      "position": {
        "center_x": 257.5,
        "center_y": 349.5,
        "width": 61.0,
        "height": 61.0
      },
      "speed": {
        "speed_mps": 1.704317858341224,
        "speed_mph": 3.812456790037818
      }
    },
    {
      "frame": 39,
      "time": 1.3,
      "position": {
        "center_x": 261.5,
        "center_y": 351.5,
        "width": 61.0,
        "height": 61.0
      },
      "speed": {
        "speed_mps": 1.6166901337480908,
        "speed_mph": 3.616438827786454
      }
    },
    {
      "frame": 40,
      "time": 1.3333333333333333,
      "position": {
        "center_x": 265.5,
        "center_y": 355.5,
        "width": 61.0,
        "height": 61.0
      },
      "speed": {
        "speed_mps": 1.6184413807375415,
        "speed_mph": 3.6203562622270367
      }
    },
    {
      "frame": 41,
      "time": 1.3666666666666667,
      "position": {
        "center_x": 270.5,
        "center_y": 357.5,
        "width": 61.0,
        "height": 61.0
      },
      "speed": {
        "speed_mps": 1.6777352745827552,
        "speed_mph": 3.752993145125149
      }
    },
    {
      "frame": 42,
      "time": 1.4,
      "position": {
        "center_x": 275.5,
        "center_y": 361.5,
        "width": 61.0,
        "height": 61.0
      },
      "speed": {
        "speed_mps": 1.8338861097621355,
        "speed_mph": 4.102293194371312
      }
    },
    {
      "frame": 43,
      "time": 1.4333333333333333,
      "position": {
        "center_x": 280.5,
        "center_y": 364.5,
        "width": 61.0,
        "height": 61.0
      },
      "speed": {
        "speed_mps": 1.383453211189985,
        "speed_mph": 3.094701826239326
      }
    },
    {
      "frame": 44,
      "time": 1.4666666666666666,
      "position": {
        "center_x": 284.5,
        "center_y": 364.5,
        "width": 61.0,
        "height": 61.0
      },
      "speed": {
        "speed_mps": 1.5084897965898774,
        "speed_mph": 3.37440116558376
      }
    },
    {
      "frame": 45,
      "time": 1.5,
      "position": {
        "center_x": 288.5,
        "center_y": 365.5,
        "width": 61.0,
        "height": 61.0
      },
      "speed": {
        "speed_mps": 2.344490448779248,
        "speed_mph": 5.244484464492251
      }
    },
    {
      "frame": 46,
      "time": 1.5333333333333334,
      "position": {
        "center_x": 303.5,
        "center_y": 377.5,
        "width": 61.0,
        "height": 61.0
      },
      "speed": {
        "speed_mps": 3.365608622871264,
        "speed_mph": 7.528664552845644
      }
    },
    {
      "frame": 47,
      "time": 1.5666666666666667,
      "position": {
        "center_x": 307.5,
        "center_y": 377.5,
        "width": 61.0,
        "height": 61.0
      },
      "speed": {
        "speed_mps": 2.618238458449148,
        "speed_mph": 5.856842337243238
      }
    },
    {
      "frame": 48,
      "time": 1.6,
      "position": {
        "center_x": 313.5,
        "center_y": 381.5,
        "width": 61.0,
        "height": 61.0
      },
      "speed": {
        "speed_mps": 1.5749111936076308,
        "speed_mph": 3.522981845428653
      }
    },
    {
      "frame": 49,
      "time": 1.6333333333333333,
      "position": {
        "center_x": 315.5,
        "center_y": 381.5,
        "width": 61.0,
        "height": 61.0
      },
      "speed": {
        "speed_mps": 0.9807902934494372,
        "speed_mph": 2.193969039028784
      }
    },
    {
      "frame": 50,
      "time": 1.6666666666666667,
      "position": {
        "center_x": 319.5,
        "center_y": 384.5,
        "width": 61.0,
        "height": 61.0
      },
      "speed": {
        "speed_mps": 1.4811027661577372,
        "speed_mph": 3.3131380217288893
      }
    },
    {
      "frame": 51,
      "time": 1.7,
      "position": {
        "center_x": 324.0,
        "center_y": 390.5,
        "width": 60.0,
        "height": 61.0
      },
      "speed": {
        "speed_mps": 1.7210562414160675,
        "speed_mph": 3.8498995486732586
      }
    },
    {
      "frame": 52,
      "time": 1.7333333333333334,
      "position": {
        "center_x": 327.5,
        "center_y": 394.0,
        "width": 61.0,
        "height": 60.0
      },
      "speed": {
        "speed_mps": 1.9017904148562303,
        "speed_mph": 4.2541910506084974
      }
    },
    {
      "frame": 53,
      "time": 1.7666666666666666,
      "position": {
        "center_x": 334.0,
        "center_y": 396.5,
        "width": 60.0,
        "height": 61.0
      },
      "speed": {
        "speed_mps": 2.042494213676542,
        "speed_mph": 4.568937006341604
      }
    },
    {
      "frame": 54,
      "time": 1.8,
      "position": {
        "center_x": 340.5,
        "center_y": 402.0,
        "width": 61.0,
        "height": 60.0
      },
      "speed": {
        "speed_mps": 2.261646052744104,
        "speed_mph": 5.059166521225395
      }
    },
    {
      "frame": 55,
      "time": 1.8333333333333333,
      "position": {
        "center_x": 346.0,
        "center_y": 406.0,
        "width": 60.0,
        "height": 60.0
      },
      "speed": {
        "speed_mps": 2.262696646063957,
        "speed_mph": 5.061516635446308
      }
    },
    {
      "frame": 56,
      "time": 1.8666666666666667,
      "position": {
        "center_x": 350.5,
        "center_y": 410.5,
        "width": 61.0,
        "height": 61.0
      },
      "speed": {
        "speed_mps": 1.8135088081521635,
        "speed_mph": 4.056710393307901
      }
    },
    {
      "frame": 57,
      "time": 1.9,
      "position": {
        "center_x": 353.5,
        "center_y": 415.5,
        "width": 61.0,
        "height": 61.0
      },
      "speed": {
        "speed_mps": 1.449535908631757,
        "speed_mph": 3.242524855454723
      }
    },
    {
      "frame": 58,
      "time": 1.9333333333333333,
      "position": {
        "center_x": 355.5,
        "center_y": 415.5,
        "width": 61.0,
        "height": 61.0
      },
      "speed": {
        "speed_mps": 1.3285041888813407,
        "speed_mph": 2.9717841602762265
      }
    },
    {
      "frame": 59,
      "time": 1.9666666666666666,
      "position": {
        "center_x": 364.0,
        "center_y": 418.0,
        "width": 60.0,
        "height": 60.0
      },
      "speed": {
        "speed_mps": 1.6487984057439005,
        "speed_mph": 3.688263105744761
      }
    },
    {
      "frame": 60,
      "time": 2.0,
      "position": {
        "center_x": 366.5,
        "center_y": 420.5,
        "width": 61.0,
        "height": 61.0
      },
      "speed": {
        "speed_mps": 1.6556639650522398,
        "speed_mph": 3.703620949983958
      }
    },
    {
      "frame": 61,
      "time": 2.033333333333333,
      "position": {
        "center_x": 371.5,
        "center_y": 424.5,
        "width": 61.0,
        "height": 61.0
      },
      "speed": {
        "speed_mps": 1.6520547288351364,
        "speed_mph": 3.695547305120471
      }
    },
    {
      "frame": 62,
      "time": 2.066666666666667,
      "position": {
        "center_x": 376.5,
        "center_y": 425.5,
        "width": 61.0,
        "height": 61.0
      },
      "speed": {
        "speed_mps": 1.5204417202506244,
        "speed_mph": 3.4011369016974315
      }
    },
    {
      "frame": 63,
      "time": 2.1,
      "position": {
        "center_x": 381.5,
        "center_y": 427.5,
        "width": 61.0,
        "height": 61.0
      },
      "speed": {
        "speed_mps": 1.6292772668641298,
        "speed_mph": 3.644595489339047
      }
    },
    {
      "frame": 64,
      "time": 2.1333333333333333,
      "position": {
        "center_x": 386.5,
        "center_y": 428.5,
        "width": 61.0,
        "height": 61.0
      },
      "speed": {
        "speed_mps": 1.6554004273228662,
        "speed_mph": 3.703031431895612
      }
    },
    {
      "frame": 65,
      "time": 2.1666666666666665,
      "position": {
        "center_x": 392.5,
        "center_y": 432.5,
        "width": 61.0,
        "height": 61.0
      },
      "speed": {
        "speed_mps": 1.8804579622776203,
        "speed_mph": 4.2064716341373005
      }
    },
    {
      "frame": 66,
      "time": 2.2,
      "position": {
        "center_x": 398.5,
        "center_y": 433.5,
        "width": 61.0,
        "height": 61.0
      },
      "speed": {
        "speed_mps": 2.070628607801664,
        "speed_mph": 4.631871957935855
      }
    },
    {
      "frame": 67,
      "time": 2.2333333333333334,
      "position": {
        "center_x": 405.5,
        "center_y": 436.5,
        "width": 61.0,
        "height": 61.0
      },
      "speed": {
        "speed_mps": 2.0853628007470046,
        "speed_mph": 4.664831463503004
      }
    },
    {
      "frame": 68,
      "time": 2.2666666666666666,
      "position": {
        "center_x": 411.5,
        "center_y": 438.5,
        "width": 61.0,
        "height": 61.0
      },
      "speed": {
        "speed_mps": 1.7205071629995945,
        "speed_mph": 3.848671293200313
      }
    },
    {
      "frame": 69,
      "time": 2.3,
      "position": {
        "center_x": 413.5,
        "center_y": 440.5,
        "width": 61.0,
        "height": 61.0
      },
      "speed": {
        "speed_mps": 1.2235732353213695,
        "speed_mph": 2.737059913019785
      }
    },
    {
      "frame": 70,
      "time": 2.3333333333333335,
      "position": {
        "center_x": 415.5,
        "center_y": 444.5,
        "width": 61.0,
        "height": 61.0
      },
      "speed": {
        "speed_mps": 0.9763344475706592,
        "speed_mph": 2.18400157914871
      }
    },
    {
      "frame": 71,
      "time": 2.3666666666666667,
      "position": {
        "center_x": 420.5,
        "center_y": 442.5,
        "width": 61.0,
        "height": 61.0
      },
      "speed": {
        "speed_mps": 1.2594620130338054,
        "speed_mph": 2.8173409554358404
      }
    },
    {
      "frame": 72,
      "time": 2.4,
      "position": {
        "center_x": 424.5,
        "center_y": 439.5,
        "width": 61.0,
        "height": 61.0
      },
      "speed": {
        "speed_mps": 1.719934913887442,
        "speed_mph": 3.847391206271375
      }
    },
    {
      "frame": 73,
      "time": 2.433333333333333,
      "position": {
        "center_x": 429.5,
        "center_y": 434.5,
        "width": 61.0,
        "height": 61.0
      },
      "speed": {
        "speed_mps": 1.875832688867828,
        "speed_mph": 4.196125175036
      }
    },
    {
      "frame": 74,
      "time": 2.466666666666667,
      "position": {
        "center_x": 436.5,
        "center_y": 432.5,
        "width": 61.0,
        "height": 61.0
      },
      "speed": {
        "speed_mps": 2.2047588838983843,
        "speed_mph": 4.931913337747652
      }
    },
    {
      "frame": 75,
      "time": 2.5,
      "position": {
        "center_x": 442.5,
        "center_y": 431.5,
        "width": 61.0,
        "height": 61.0
      },
      "speed": {
        "speed_mps": 2.695436959600496,
        "speed_mph": 6.029530752408734
      }
    },
    {
      "frame": 76,
      "time": 2.533333333333333,
      "position": {
        "center_x": 457.5,
        "center_y": 434.0,
        "width": 61.0,
        "height": 60.0
      },
      "speed": {
        "speed_mps": 2.770857847255776,
        "speed_mph": 6.198242752840335
      }
    },
    {
      "frame": 77,
      "time": 2.566666666666667,
      "position": {
        "center_x": 460.0,
        "center_y": 428.0,
        "width": 60.0,
        "height": 60.0
      },
      "speed": {
        "speed_mps": 2.0566099671503446,
        "speed_mph": 4.600513099917292
      }
    },
    {
      "frame": 78,
      "time": 2.6,
      "position": {
        "center_x": 464.0,
        "center_y": 427.5,
        "width": 60.0,
        "height": 61.0
      },
      "speed": {
        "speed_mps": 1.7052135049930848,
        "speed_mph": 3.814460297859231
      }
    },
    {
      "frame": 79,
      "time": 2.6333333333333333,
      "position": {
        "center_x": 472.0,
        "center_y": 424.0,
        "width": 60.0,
        "height": 60.0
      },
      "speed": {
        "speed_mps": 1.884510166405872,
        "speed_mph": 4.21553617163995
      }
    },
    {
      "frame": 80,
      "time": 2.6666666666666665,
      "position": {
        "center_x": 476.0,
        "center_y": 420.0,
        "width": 60.0,
        "height": 60.0
      },
      "speed": {
        "speed_mps": 1.9506588808829688,
        "speed_mph": 4.363506877002349
      }
    },
    {
      "frame": 81,
      "time": 2.7,
      "position": {
        "center_x": 480.0,
        "center_y": 416.0,
        "width": 60.0,
        "height": 60.0
      },
      "speed": {
        "speed_mps": 1.591159217556516,
        "speed_mph": 3.559327700120874
      }
    },
    {
      "frame": 82,
      "time": 2.7333333333333334,
      "position": {
        "center_x": 484.0,
        "center_y": 414.0,
        "width": 60.0,
        "height": 60.0
      },
      "speed": {
        "speed_mps": 1.3589584083067694,
        "speed_mph": 3.039908421877745
      }
    },
    {
      "frame": 83,
      "time": 2.7666666666666666,
      "position": {
        "center_x": 488.0,
        "center_y": 412.0,
        "width": 60.0,
        "height": 60.0
      },
      "speed": {
        "speed_mps": 1.6624743724441595,
        "speed_mph": 3.7188554226952384
      }
    },
    {
      "frame": 84,
      "time": 2.8,
      "position": {
        "center_x": 494.5,
        "center_y": 406.5,
        "width": 61.0,
        "height": 61.0
      },
      "speed": {
        "speed_mps": 2.171196738753393,
        "speed_mph": 4.856836832787016
      }
    },
    {
      "frame": 85,
      "time": 2.8333333333333335,
      "position": {
        "center_x": 501.5,
        "center_y": 403.5,
        "width": 61.0,
        "height": 61.0
      },
      "speed": {
        "speed_mps": 2.272836456990822,
        "speed_mph": 5.08419878410105
      }
    },
    {
      "frame": 86,
      "time": 2.8666666666666667,
      "position": {
        "center_x": 507.5,
        "center_y": 401.5,
        "width": 61.0,
        "height": 61.0
      },
      "speed": {
        "speed_mps": 1.8616132441213664,
        "speed_mph": 4.16431713030485
      }
    },
    {
      "frame": 87,
      "time": 2.9,
      "position": {
        "center_x": 511.5,
        "center_y": 400.0,
        "width": 61.0,
        "height": 60.0
      },
      "speed": {
        "speed_mps": 1.45484269795063,
        "speed_mph": 3.254395824753682
      }
    },
    {
      "frame": 88,
      "time": 2.933333333333333,
      "position": {
        "center_x": 515.5,
        "center_y": 398.0,
        "width": 61.0,
        "height": 60.0
      },
      "speed": {
        "speed_mps": 1.433725572305392,
        "speed_mph": 3.207158081712824
      }
    },
    {
      "frame": 89,
      "time": 2.966666666666667,
      "position": {
        "center_x": 520.5,
        "center_y": 394.0,
        "width": 61.0,
        "height": 60.0
      },
      "speed": {
        "speed_mps": 1.6156674113300482,
        "speed_mph": 3.6141510591006383
      }
    },
    {
      "frame": 90,
      "time": 3.0,
      "position": {
        "center_x": 524.5,
        "center_y": 392.0,
        "width": 61.0,
        "height": 60.0
      },
      "speed": {
        "speed_mps": 1.5158179330585777,
        "speed_mph": 3.390793767176054
      }
    },
    {
      "frame": 91,
      "time": 3.033333333333333,
      "position": {
        "center_x": 529.5,
        "center_y": 390.0,
        "width": 61.0,
        "height": 60.0
      },
      "speed": {
        "speed_mps": 1.4245454339299457,
        "speed_mph": 3.1866226629752528
      }
    },
    {
      "frame": 92,
      "time": 3.066666666666667,
      "position": {
        "center_x": 532.5,
        "center_y": 388.0,
        "width": 61.0,
        "height": 60.0
      },
      "speed": {
        "speed_mps": 1.4631459646804872,
        "speed_mph": 3.2729697342323694
      }
    },
    {
      "frame": 93,
      "time": 3.1,
      "position": {
        "center_x": 539.5,
        "center_y": 385.0,
        "width": 61.0,
        "height": 60.0
      },
      "speed": {
        "speed_mps": 1.9247581452984863,
        "speed_mph": 4.305568485543996
      }
    },
    {
      "frame": 94,
      "time": 3.1333333333333333,
      "position": {
        "center_x": 545.5,
        "center_y": 383.0,
        "width": 61.0,
        "height": 60.0
      },
      "speed": {
        "speed_mps": 2.1749204736436583,
        "speed_mph": 4.865166604312445
      }
    },
    {
      "frame": 95,
      "time": 3.1666666666666665,
      "position": {
        "center_x": 554.0,
        "center_y": 382.0,
        "width": 60.0,
        "height": 60.0
      },
      "speed": {
        "speed_mps": 2.1580878379527024,
        "speed_mph": 4.827513008229919
      }
    },
    {
      "frame": 96,
      "time": 3.2,
      "position": {
        "center_x": 558.0,
        "center_y": 378.0,
        "width": 60.0,
        "height": 60.0
      },
      "speed": {
        "speed_mps": 1.7395464359465016,
        "speed_mph": 3.891261004426168
      }
    },
    {
      "frame": 97,
      "time": 3.2333333333333334,
      "position": {
        "center_x": 562.0,
        "center_y": 375.5,
        "width": 60.0,
        "height": 61.0
      },
      "speed": {
        "speed_mps": 1.5129366975466092,
        "speed_mph": 3.384348616209912
      }
    },
    {
      "frame": 98,
      "time": 3.2666666666666666,
      "position": {
        "center_x": 566.0,
        "center_y": 372.0,
        "width": 60.0,
        "height": 60.0
      },
      "speed": {
        "speed_mps": 1.6914838703676038,
        "speed_mph": 3.783747928980108
      }
    },
    {
      "frame": 99,
      "time": 3.3,
      "position": {
        "center_x": 572.0,
        "center_y": 368.0,
        "width": 60.0,
        "height": 60.0
      },
      "speed": {
        "speed_mps": 2.1311389785446377,
        "speed_mph": 4.767230026665642
      }
    },
    {
      "frame": 100,
      "time": 3.3333333333333335,
      "position": {
        "center_x": 578.0,
        "center_y": 362.0,
        "width": 60.0,
        "height": 60.0
      },
      "speed": {
        "speed_mps": 2.2709660931255837,
        "speed_mph": 5.080014892356342
      }
    },
    {
      "frame": 101,
      "time": 3.3666666666666667,
      "position": {
        "center_x": 582.0,
        "center_y": 358.0,
        "width": 60.0,
        "height": 60.0
      },
      "speed": {
        "speed_mps": 1.8392028206643856,
        "speed_mph": 4.11418635765699
      }
    },
    {
      "frame": 102,
      "time": 3.4,
      "position": {
        "center_x": 587.0,
        "center_y": 357.0,
        "width": 60.0,
        "height": 60.0
      },
      "speed": {
        "speed_mps": 1.3641346123016238,
        "speed_mph": 3.0514872796419947
      }
    },
    {
      "frame": 103,
      "time": 3.433333333333333,
      "position": {
        "center_x": 590.0,
        "center_y": 356.0,
        "width": 60.0,
        "height": 60.0
      },
      "speed": {
        "speed_mps": 1.2847244107269444,
        "speed_mph": 2.8738514233315318
      }
    },
    {
      "frame": 104,
      "time": 3.466666666666667,
      "position": {
        "center_x": 593.5,
        "center_y": 350.0,
        "width": 61.0,
        "height": 60.0
      },
      "speed": {
        "speed_mps": 1.6074780745283244,
        "speed_mph": 3.59583200403539
      }
    },
    {
      "frame": 105,
      "time": 3.5,
      "position": {
        "center_x": 597.5,
        "center_y": 346.0,
        "width": 61.0,
        "height": 60.0
      },
      "speed": {
        "speed_mps": 1.8110154177942568,
        "speed_mph": 4.051132828680686
      }
    },
    {
      "frame": 106,
      "time": 3.533333333333333,
      "position": {
        "center_x": 602.0,
        "center_y": 342.5,
        "width": 60.0,
        "height": 61.0
      },
      "speed": {
        "speed_mps": 1.8443861804507091,
        "speed_mph": 4.12578122249741
      }
    },
    {
      "frame": 107,
      "time": 3.566666666666667,
      "position": {
        "center_x": 606.0,
        "center_y": 338.0,
        "width": 60.0,
        "height": 60.0
      },
      "speed": {
        "speed_mps": 1.595409315236259,
        "speed_mph": 3.5688349136245976
      }
    },
    {
      "frame": 108,
      "time": 3.6,
      "position": {
        "center_x": 608.5,
        "center_y": 335.5,
        "width": 61.0,
        "height": 61.0
      },
      "speed": {
        "speed_mps": 1.1992735143290605,
        "speed_mph": 2.682702895143249
      }
    },
    {
      "frame": 109,
      "time": 3.6333333333333333,
      "position": {
        "center_x": 603.5,
        "center_y": 331.5,
        "width": 61.0,
        "height": 61.0
      },
      "speed": {
        "speed_mps": 1.1300053804356367,
        "speed_mph": 2.527754235711693
      }
    },
    {
      "frame": 110,
      "time": 3.6666666666666665,
      "position": {
        "center_x": 600.0,
        "center_y": 332.0,
        "width": 60.0,
        "height": 60.0
      },
      "speed": {
        "speed_mps": 1.4962891717619224,
        "speed_mph": 3.3471090998811155
      }
    },
    {
      "frame": 111,
      "time": 3.7,
      "position": {
        "center_x": 594.0,
        "center_y": 328.0,
        "width": 60.0,
        "height": 60.0
      },
      "speed": {
        "speed_mps": 1.9824252519650007,
        "speed_mph": 4.434566343130589
      }
    },
    {
      "frame": 112,
      "time": 3.7333333333333334,
      "position": {
        "center_x": 586.5,
        "center_y": 326.0,
        "width": 61.0,
        "height": 60.0
      },
      "speed": {
        "speed_mps": 1.8915779141172493,
        "speed_mph": 4.23134629920544
      }
    },
    {
      "frame": 113,
      "time": 3.7666666666666666,
      "position": {
        "center_x": 584.0,
        "center_y": 322.0,
        "width": 60.0,
        "height": 60.0
      },
      "speed": {
        "speed_mps": 1.608934607639969,
        "speed_mph": 3.5990901812141525
      }
    },
    {
      "frame": 114,
      "time": 3.8,
      "position": {
        "center_x": 580.0,
        "center_y": 320.0,
        "width": 60.0,
        "height": 60.0
      },
      "speed": {
        "speed_mps": 1.5845309137324437,
        "speed_mph": 3.5445005821646527
      }
    },
    {
      "frame": 115,
      "time": 3.8333333333333335,
      "position": {
        "center_x": 572.5,
        "center_y": 318.5,
        "width": 61.0,
        "height": 61.0
      },
      "speed": {
        "speed_mps": 1.7718719603217854,
        "speed_mph": 3.963571262922215
      }
    },
    {
      "frame": 116,
      "time": 3.8666666666666667,
      "position": {
        "center_x": 567.5,
        "center_y": 316.5,
        "width": 61.0,
        "height": 61.0
      },
      "speed": {
        "speed_mps": 1.7211179452231875,
        "speed_mph": 3.8500375763875576
      }
    },
    {
      "frame": 117,
      "time": 3.9,
      "position": {
        "center_x": 566.0,
        "center_y": 312.0,
        "width": 60.0,
        "height": 60.0
      },
      "speed": {
        "speed_mps": 1.430768306435369,
        "speed_mph": 3.2005428553975346
      }
    },
    {
      "frame": 118,
      "time": 3.933333333333333,
      "position": {
        "center_x": 562.0,
        "center_y": 308.0,
        "width": 60.0,
        "height": 60.0
      },
      "speed": {
        "speed_mps": 1.480907582510098,
        "speed_mph": 3.312701407620138
      }
    },
    {
      "frame": 119,
      "time": 3.966666666666667,
      "position": {
        "center_x": 556.0,
        "center_y": 308.0,
        "width": 60.0,
        "height": 60.0
      },
      "speed": {
        "speed_mps": 1.7371267209288568,
        "speed_mph": 3.885848247114598
      }
    },
    {
      "frame": 120,
      "time": 4.0,
      "position": {
        "center_x": 550.5,
        "center_y": 303.5,
        "width": 61.0,
        "height": 61.0
      },
      "speed": {
        "speed_mps": 2.043388960305934,
        "speed_mph": 4.570938500866757
      }
    },
    {
      "frame": 121,
      "time": 4.033333333333333,
      "position": {
        "center_x": 545.5,
        "center_y": 297.5,
        "width": 61.0,
        "height": 61.0
      },
      "speed": {
        "speed_mps": 2.092289416014755,
        "speed_mph": 4.680325886260047
      }
    },
    {
      "frame": 122,
      "time": 4.066666666666666,
      "position": {
        "center_x": 540.0,
        "center_y": 296.0,
        "width": 60.0,
        "height": 60.0
      },
      "speed": {
        "speed_mps": 1.853138629114254,
        "speed_mph": 4.14535992501084
      }
    },
    {
      "frame": 123,
      "time": 4.1,
      "position": {
        "center_x": 534.0,
        "center_y": 294.0,
        "width": 60.0,
        "height": 60.0
      },
      "speed": {
        "speed_mps": 1.6690699769749662,
        "speed_mph": 3.733609394294381
      }
    },
    {
      "frame": 124,
      "time": 4.133333333333334,
      "position": {
        "center_x": 530.0,
        "center_y": 292.5,
        "width": 60.0,
        "height": 61.0
      },
      "speed": {
        "speed_mps": 1.8216632946405928,
        "speed_mph": 4.074951490313327
      }
    },
    {
      "frame": 125,
      "time": 4.166666666666667,
      "position": {
        "center_x": 522.0,
        "center_y": 288.5,
        "width": 60.0,
        "height": 61.0
      },
      "speed": {
        "speed_mps": 2.2770484279166774,
        "speed_mph": 5.093620710343933
      }
    },
    {
      "frame": 126,
      "time": 4.2,
      "position": {
        "center_x": 514.0,
        "center_y": 287.5,
        "width": 60.0,
        "height": 61.0
      },
      "speed": {
        "speed_mps": 2.298078923817126,
        "speed_mph": 5.140664667843484
      }
    },
    {
      "frame": 127,
      "time": 4.233333333333333,
      "position": {
        "center_x": 509.0,
        "center_y": 284.5,
        "width": 60.0,
        "height": 61.0
      },
      "speed": {
        "speed_mps": 1.7218007594222304,
        "speed_mph": 3.851564990781964
      }
    },
    {
      "frame": 128,
      "time": 4.266666666666667,
      "position": {
        "center_x": 506.0,
        "center_y": 282.5,
        "width": 60.0,
        "height": 61.0
      },
      "speed": {
        "speed_mps": 1.1181384465064346,
        "speed_mph": 2.501208616528104
      }
    },
    {
      "frame": 129,
      "time": 4.3,
      "position": {
        "center_x": 503.5,
        "center_y": 282.0,
        "width": 61.0,
        "height": 60.0
      },
      "speed": {
        "speed_mps": 1.0977718672817782,
        "speed_mph": 2.4556498007973016
      }
    },
    {
      "frame": 130,
      "time": 4.333333333333333,
      "position": {
        "center_x": 497.5,
        "center_y": 278.0,
        "width": 61.0,
        "height": 60.0
      },
      "speed": {
        "speed_mps": 1.7331711268225989,
        "speed_mph": 3.876999820434544
      }
    },
    {
      "frame": 131,
      "time": 4.366666666666666,
      "position": {
        "center_x": 491.5,
        "center_y": 276.0,
        "width": 61.0,
        "height": 60.0
      },
      "speed": {
        "speed_mps": 2.260195645996607,
        "speed_mph": 5.055922048355651
      }
    },
    {
      "frame": 132,
      "time": 4.4,
      "position": {
        "center_x": 483.5,
        "center_y": 271.0,
        "width": 61.0,
        "height": 60.0
      },
      "speed": {
        "speed_mps": 2.2313445899861124,
        "speed_mph": 4.991383967123534
      }
    },
    {
      "frame": 133,
      "time": 4.433333333333334,
      "position": {
        "center_x": 478.5,
        "center_y": 270.5,
        "width": 61.0,
        "height": 61.0
      },
      "speed": {
        "speed_mps": 1.677656008198143,
        "speed_mph": 3.752815830978755
      }
    },
    {
      "frame": 134,
      "time": 4.466666666666667,
      "position": {
        "center_x": 475.5,
        "center_y": 269.5,
        "width": 61.0,
        "height": 61.0
      },
      "speed": {
        "speed_mps": 1.3773016452434568,
        "speed_mph": 3.0809411423108983
      }
    },
    {
      "frame": 135,
      "time": 4.5,
      "position": {
        "center_x": 469.5,
        "center_y": 265.5,
        "width": 61.0,
        "height": 61.0
      },
      "speed": {
        "speed_mps": 1.6668249158172157,
        "speed_mph": 3.7285873271881633
      }
    },
    {
      "frame": 136,
      "time": 4.533333333333333,
      "position": {
        "center_x": 466.0,
        "center_y": 262.0,
        "width": 60.0,
        "height": 60.0
      },
      "speed": {
        "speed_mps": 1.7635451566549472,
        "speed_mph": 3.944944702727718
      }
    },
    {
      "frame": 137,
      "time": 4.566666666666666,
      "position": {
        "center_x": 460.0,
        "center_y": 258.0,
        "width": 60.0,
        "height": 60.0
      },
      "speed": {
        "speed_mps": 1.6890597555196414,
        "speed_mph": 3.778325329512106
      }
    },
    {
      "frame": 138,
      "time": 4.6,
      "position": {
        "center_x": 457.5,
        "center_y": 258.0,
        "width": 61.0,
        "height": 60.0
      },
      "speed": {
        "speed_mps": 1.3788971323060146,
        "speed_mph": 3.0845101511406163
      }
    },
    {
      "frame": 139,
      "time": 4.633333333333334,
      "position": {
        "center_x": 452.0,
        "center_y": 252.5,
        "width": 60.0,
        "height": 61.0
      },
      "speed": {
        "speed_mps": 1.5529999956376146,
        "speed_mph": 3.4739678102416063
      }
    },
    {
      "frame": 140,
      "time": 4.666666666666667,
      "position": {
        "center_x": 449.5,
        "center_y": 250.0,
        "width": 61.0,
        "height": 60.0
      },
      "speed": {
        "speed_mps": 1.6373354077358482,
        "speed_mph": 3.6626210669806287
      }
    },
    {
      "frame": 141,
      "time": 4.7,
      "position": {
        "center_x": 443.5,
        "center_y": 246.0,
        "width": 61.0,
        "height": 60.0
      },
      "speed": {
        "speed_mps": 1.9405882536430592,
        "speed_mph": 4.340979488104306
      }
    },
    {
      "frame": 142,
      "time": 4.733333333333333,
      "position": {
        "center_x": 440.0,
        "center_y": 240.0,
        "width": 60.0,
        "height": 60.0
      },
      "speed": {
        "speed_mps": 1.7307516754584564,
        "speed_mph": 3.87158765290004
      }
    },
    {
      "frame": 143,
      "time": 4.766666666666667,
      "position": {
        "center_x": 435.5,
        "center_y": 238.0,
        "width": 61.0,
        "height": 60.0
      },
      "speed": {
        "speed_mps": 1.635576216279362,
        "speed_mph": 3.658685861243956
      }
    },
    {
      "frame": 144,
      "time": 4.8,
      "position": {
        "center_x": 430.5,
        "center_y": 238.0,
        "width": 61.0,
        "height": 60.0
      },
      "speed": {
        "speed_mps": 1.724620884917414,
        "speed_mph": 3.85787344230716
      }
    },
    {
      "frame": 145,
      "time": 4.833333333333333,
      "position": {
        "center_x": 423.5,
        "center_y": 232.0,
        "width": 61.0,
        "height": 60.0
      },
      "speed": {
        "speed_mps": 2.049944283780494,
        "speed_mph": 4.58560236615994
      }
    },
    {
      "frame": 146,
      "time": 4.866666666666666,
      "position": {
        "center_x": 419.5,
        "center_y": 228.0,
        "width": 61.0,
        "height": 60.0
      },
      "speed": {
        "speed_mps": 1.9014500964308532,
        "speed_mph": 4.253429778710034
      }
    },
    {
      "frame": 147,
      "time": 4.9,
      "position": {
        "center_x": 416.5,
        "center_y": 224.5,
        "width": 61.0,
        "height": 61.0
      },
      "speed": {
        "speed_mps": 1.783108142290096,
        "speed_mph": 3.988705927814408
      }
    },
    {
      "frame": 148,
      "time": 4.933333333333334,
      "position": {
        "center_x": 409.5,
        "center_y": 220.5,
        "width": 61.0,
        "height": 61.0
      },
      "speed": {
        "speed_mps": 1.9355106588801128,
        "speed_mph": 4.329621213275279
      }
    },
    {
      "frame": 149,
      "time": 4.966666666666667,
      "position": {
        "center_x": 404.5,
        "center_y": 215.5,
        "width": 61.0,
        "height": 61.0
      },
      "speed": {
        "speed_mps": 2.303098112564337,
        "speed_mph": 5.1518922919196655
      }
    }
  ]
}